Student_ID,Study_Hours,Attendance_Percent,Previous_Marks,Assignment_Score,Sleep_Hours,Final_Marks
1,2.0,68,55,62,7.0,58
2,3.5,82,72,75,7.5,76
3,1.5,60,48,55,6.0,51
4,4.0,91,85,88,8.0,87
5,2.5,74,65,70,7.0,67
6,5.0,95,90,92,8.5,94
7,3.0,78,70,73,7.0,72
8,1.0,55,45,50,6.0,47
9,4.5,88,82,85,8.0,86
10,2.0,70,58,64,6.5,61
11,3.8,85,76,80,7.5,80
12,2.8,76,67,72,7.0,70
13,4.2,90,84,86,8.0,88
14,1.8,63,52,58,6.5,55
15,3.2,80,69,76,7.0,75
16,4.8,93,88,90,8.5,92
17,2.2,69,60,65,6.5,63
18,3.6,84,74,79,7.5,79
19,1.2,58,46,53,6.0,49
20,4.0,89,81,84,8.0,86
21,2.7,75,63,71,7.0,69
22,3.9,87,79,82,7.5,83
23,1.7,62,50,57,6.0,54
24,4.6,92,86,89,8.5,91
25,3.1,79,68,74,7.0,73
26,2.4,72,61,67,6.5,65
27,4.3,90,83,87,8.0,89
28,1.4,59,47,54,6.0,50
29,3.7,86,77,81,7.5,81
30,4.9,94,89,91,8.5,93
